Channel_ID,Display,Category,Enabled,Quant_Action,Exact_Delta_From_MH_Da,Source_Hypothesis,Priority_Stars,Min_Rel_Height_Pct,Min_Shape_Correlation,RT_Tolerance_Min,Eligible_Count,Detected_Count,Detection_Rate_Pct,Median_Area_Fraction_vs_MH_Pct,Median_RT_Delta_Min,Median_Shape_Correlation,Isotope_Support_Rate_Pct,Suggested_Status,Panel_Note
FORMATE,[M+HCOO]-,adduct,True,sum,+46.005479,formic acid / formate in mobile phase or matrix,5,1.0,0.3,0.1,,,,,,,,,
ACETATE,[M+CH3COO]-,adduct,True,search,+60.021129,acetic acid / acetate buffer or contamination,5,1.0,0.3,0.1,,,,,,,,,
CO2_CLUSTER,[M+CO2-H]-,cluster,True,search,+43.989829,CO2 / carbonate background,3,1.0,0.3,0.1,,,,,,,,,Exact +43.989829 Da relative to [M-H]-; nominally +44.
SO3_CLUSTER,[M+SO3-H]-,cluster,True,search,+79.956815,sulfite / sulfate-related residue,3,1.0,0.3,0.1,,,,,,,,,Exact +79.956815 Da relative to [M-H]-; one interpretation of nominal +80.
PHOSPHITE,[M+H2PO3]-,adduct,True,search,+81.981981,phosphite / phosphorus-containing residue,3,1.0,0.3,0.1,,,,,,,,,Exact +81.981981 Da relative to [M-H]-; separated from SO3.
NITRATE,[M+NO3]-,adduct,True,search,+62.995643,nitric acid / nitrate residue,3,1.0,0.3,0.1,,,,,,,,,
CHLORIDE35,[M+35Cl]-,adduct,True,search,+35.976678,chloride / hydrochloric acid / salts,4,1.0,0.3,0.1,,,,,,,,,37Cl is used as isotopic support.
PHOSPHATE,[M+H2PO4]-,adduct,True,search,+97.976896,phosphate buffer / phosphate residue,3,1.0,0.3,0.1,,,,,,,,,
NA_REPLACE,[M+Na-2H]-,substitution,True,search,+21.981942,sodium contamination / glassware / solvent,3,1.0,0.3,0.1,,,,,,,,,
K_REPLACE,[M+K-2H]-,substitution,True,search,+37.955882,potassium contamination / salts,2,1.0,0.3,0.1,,,,,,,,,
FORMATE_2H2O,[M+HCOO+2H2O]-,cluster,True,search,+82.026609,water-rich mobile phase / low source temperature,2,1.0,0.3,0.1,,,,,,,,,
DIMER,[2M-H]-,dimer,True,evidence,depends on M,high analyte concentration / low source temperature,2,1.0,0.3,0.1,,,,,,,,,Evidence only; dimer response is not summed into monomer area by default.
NET_METHYL,[M+CH2-H]- (net +14 hypothesis),transformation,True,evidence,+14.015650,rare in-source methylation / line chemistry,1,1.0,0.3,0.1,,,,,,,,,
NET_ETHYL,[M+C2H4-H]- (net +28 hypothesis),transformation,True,evidence,+28.031300,rare in-source ethylation / line chemistry,1,1.0,0.3,0.1,,,,,,,,,
BROMIDE_ADDUCT79,[M+79Br]-,adduct,True,search,+79.926163,bromide in matrix / salts,2,1.0,0.3,0.1,,,,,,,,,
BR_LOSS_FROM_MH,[M-H-Br]-,fragment,True,evidence,-78.918338,in-source C-Br cleavage,4,1.0,0.3,0.1,,,,,,,,,Target-specific debrominated fragment; not summed.
HBR_LOSS_FROM_MH,[M-H-HBr]-,fragment,True,evidence,-79.926163,in-source neutral HBr loss,3,1.0,0.3,0.1,,,,,,,,,Alternative bromine-loss hypothesis; evidence only and never summed by default.
BR_ANION79,79Br- diagnostic,diagnostic,True,evidence,fixed diagnostic m/z,in-source fragmentation of organobromine compounds,5,1.0,0.3,0.1,,,,,,,,,Fixed m/z 78.918886; coeluting 81Br- supports bromine-specific fragmentation.
